FSM key ratios,TTM,2019,2018,2017,2016,2015,2014,2013,2012,2011,2010
Revenue USD Mil,244,257,263,268,210,155,174,137,161,110,74
Gross Margin %,35.5,32.9,36.7,40.9,38.3,28.2,34.6,30.4,43.9,55.4,60.7
Operating Income USD Mil,50,52,68,83,49,25,34,21,49,39,31
Operating Margin %,20.5,20.3,25.9,31.1,23.1,16.3,19.7,15.3,30.3,36.2,41.3
Net Income USD Mil,22,24,34,66,18,-11,16,-19,31,20,13
Earnings Per Share USD,0.13,0.14,0.21,0.42,0.13,-0.08,0.12,-0.15,0.25,0.16,0.14
Dividends USD,,,,,,,,,,,
Payout Ratio % *,,,,,,,,,,,
Shares Mil,180,165,162,158,138,129,128,127,125,125,111
Book Value Per Share * USD,3.84,3.81,3.75,3.31,2.76,2.17,2.08,2.09,2.11,1.82,
Operating Cash Flow USD Mil,80,63,83,70,53,55,60,45,54,36,21
Cap Spending USD Mil,-132,-196,-61,-47,-40,-57,-39,-61,-45,-77,-36
Free Cash Flow USD Mil,-52,-133,22,23,12,-2,21,-16,9,-41,-15
Free Cash Flow Per Share * USD,,-0.32,0.10,0.14,-0.05,0.01,0.21,-0.17,0.07,-0.36,
Working Capital USD Mil,,62,158,212,109,94,82,66,87,64,97
Key Ratios -> Profitability,,,,,,,,,,,
Margins % of Sales,TTM,2019-12,2018-12,2017-12,2016-12,2015-12,2014-12,2013-12,2012-12,2011-12,2010-12
Revenue,100.00,100.00,100.00,100.00,100.00,100.00,100.00,100.00,100.00,100.00,100.00
COGS,64.52,67.11,63.32,59.14,61.66,71.79,65.37,69.59,56.12,44.62,39.33
Gross Margin,35.48,32.89,36.68,40.86,38.34,28.21,34.63,30.41,43.88,55.38,60.67
SG&A,13.23,11.59,9.95,9.29,14.80,11.27,14.04,13.68,12.20,18.02,19.41
R&D,,,,,,,,,,,
Other,1.73,1.05,0.86,0.47,0.40,0.63,0.89,1.41,1.39,1.12,
Operating Margin,20.53,20.25,25.87,31.10,23.14,16.31,19.70,15.31,30.29,36.24,41.26
Net Int Inc & Other,0.45,-3.15,-0.30,8.04,-0.73,-18.39,-0.81,-22.57,-2.20,-1.42,-4.83
EBT Margin,20.97,17.10,25.58,39.14,22.41,-2.08,18.90,-7.26,28.09,34.82,36.43
Profitability,TTM,2019-12,2018-12,2017-12,2016-12,2015-12,2014-12,2013-12,2012-12,2011-12,2010-12
Tax Rate %,57.25,45.88,49.52,36.82,62.09,,52.55,,30.43,49.05,51.97
Net Margin %,8.97,9.25,12.91,24.73,8.49,-6.86,8.97,-13.90,19.54,17.74,17.49
Asset Turnover (Average),0.26,0.30,0.35,0.42,0.45,0.42,0.53,0.44,0.55,0.43,0.39
Return on Assets %,2.36,2.76,4.55,10.45,3.79,-2.91,4.78,-6.18,10.70,7.59,6.77
Financial Leverage (Average),1.40,1.47,1.30,1.25,1.33,1.44,1.28,1.22,1.20,1.19,1.18
Return on Equity %,3.33,3.84,5.83,13.44,5.20,-3.95,6.00,-7.46,12.77,8.99,8.13
Return on Invested Capital %,2.73,3.10,5.02,12.36,4.98,-3.22,5.92,-7.62,12.48,8.73,8.21
Interest Coverage,80.99,52.31,62.67,63.69,22.94,-1.56,,-473.76,,69.46,50.59
Key Ratios -> Growth,,,,,,,,,,,
,Latest Qtr,2019-12,2018-12,2017-12,2016-12,2015-12,2014-12,2013-12,2012-12,2011-12,2010-12
Revenue %,,,,,,,,,,,
Year over Year,36.10,-2.32,-1.80,27.52,35.89,-11.08,26.65,-14.67,46.24,48.68,
3-Year Average,,6.95,19.39,15.50,15.24,-1.32,16.48,22.88,46.29,71.99,
5-Year Average,,8.13,13.89,10.74,13.81,15.88,27.61,44.72,38.17,,
10-Year Average,,17.46,28.38,23.69,,,,,,,
Operating Income %,,,,,,,,,,,
Year over Year,281.92,-23.55,-18.30,71.40,92.78,-26.39,62.98,-56.87,22.24,30.59,
3-Year Average,,2.30,39.24,34.48,32.24,-19.72,-4.93,-11.70,46.65,,
5-Year Average,,8.72,26.49,11.32,4.05,-3.75,17.26,,239.56,,
10-Year Average,,12.91,,94.42,,,,,,,
Net Income %,,,,,,,,,,,
Year over Year,,-29.99,-48.74,271.29,,,,,61.08,50.78,
3-Year Average,,10.04,,61.98,,,-7.22,,269.63,,
5-Year Average,,8.81,,16.08,-1.78,,90.43,,,,
10-Year Average,,43.95,,,,,,,,,
EPS %,,,,,,,,,,,
Year over Year,-240.00,-33.33,-50.00,223.08,,,,,56.25,33.33,
3-Year Average,,2.50,,51.83,,,-9.14,,192.40,,
5-Year Average,,3.13,,10.93,-4.07,,64.38,,,,
10-Year Average,,30.20,,,,,,,,,
Key Ratios -> Cash Flow,,,,,,,,,,,
Cash Flow Ratios,TTM,2019-12,2018-12,2017-12,2016-12,2015-12,2014-12,2013-12,2012-12,2011-12,2010-12
Operating Cash Flow Growth % YOY,,-24.50,18.88,33.21,-3.78,-9.01,33.90,-16.52,51.66,68.21,
Free Cash Flow Growth % YOY,,,-3.44,85.57,,,,,,,
Cap Ex as a % of Sales,53.96,76.08,23.21,17.55,19.13,36.92,22.38,44.04,27.85,69.64,49.17
Free Cash Flow/Sales %,-21.31,-51.58,8.49,8.63,5.93,-1.53,12.21,-11.32,5.60,-37.39,-20.66
Free Cash Flow/Net Income,-2.38,-5.57,0.66,0.35,0.70,0.22,1.36,0.81,0.29,-2.11,-1.18
Key Ratios -> Financial Health,,,,,,,,,,,
Balance Sheet Items (in %),Latest Qtr,2019-12,2018-12,2017-12,2016-12,2015-12,2014-12,2013-12,2012-12,2011-12,2010-12
Cash & Short-Term Investments,8.74,8.91,20.77,30.16,22.23,28.51,22.05,16.25,20.47,20.52,37.34
Accounts Receivable,3.58,5.11,3.78,4.99,4.26,1.71,4.98,4.27,7.40,7.51,6.62
Inventory,1.28,1.55,1.83,2.51,2.41,2.75,4.26,5.12,4.07,4.16,1.66
Other Current Assets,0.56,0.69,1.46,0.89,0.75,0.75,1.35,1.89,1.57,0.03,0.37
Total Current Assets,14.16,16.25,27.83,38.56,29.65,33.73,32.65,27.54,33.50,32.21,45.99
Net PP&E,81.10,78.20,64.21,60.89,70.06,63.85,66.75,71.79,65.61,66.95,52.15
Intangibles,,,,,,,,,,,
Other Long-Term Assets,4.74,5.54,7.96,0.55,0.29,2.43,0.60,0.67,0.89,0.85,1.86
Total Assets,100.00,100.00,100.00,100.00,100.00,100.00,100.00,100.00,100.00,100.00,100.00
Accounts Payable,2.63,4.38,3.08,1.92,2.71,4.79,2.88,3.29,3.51,6.32,1.63
Short-Term Debt,,,,,,,,,,,
Taxes Payable,1.64,1.35,1.06,2.20,2.90,0.95,2.78,0.02,0.06,1.44,1.72
Accrued Liabilities,0.12,0.16,0.02,0.02,0.02,,,,,,2.16
Other Short-Term Liabilities,3.79,3.71,3.63,4.44,4.70,3.26,3.47,2.26,2.27,0.92,0.55
Total Current Liabilities,8.18,9.59,7.80,8.58,10.32,9.00,9.14,5.56,5.85,8.68,6.07
Long-Term Debt,13.47,15.65,8.81,5.64,7.06,10.40,,,,,
Other Long-Term Liabilities,6.79,6.87,6.75,6.03,7.44,11.02,13.01,12.49,10.52,7.26,9.22
Total Liabilities,28.45,32.12,23.36,20.25,24.83,30.42,22.15,18.05,16.37,15.94,15.29
Total Stockholders' Equity,71.55,67.88,76.64,79.75,75.17,69.58,77.85,81.95,83.63,84.06,84.71
Total Liabilities & Equity,100.00,100.00,100.00,100.00,100.00,100.00,100.00,100.00,100.00,100.00,100.00
Liquidity/Financial Health,Latest Qtr,2019-12,2018-12,2017-12,2016-12,2015-12,2014-12,2013-12,2012-12,2011-12,2010-12
Current Ratio,1.73,1.69,3.57,4.50,2.87,3.75,3.57,4.95,5.72,3.71,7.58
Quick Ratio,1.50,1.46,3.15,4.10,2.57,3.36,2.96,3.69,4.76,3.23,7.25
Financial Leverage,1.40,1.47,1.30,1.25,1.33,1.44,1.28,1.22,1.20,1.19,1.18
Debt/Equity,0.21,0.25,0.12,0.07,0.10,0.15,,,,0.01,0.02
Key Ratios -> Efficiency Ratios,,,,,,,,,,,
Efficiency,TTM,2019-12,2018-12,2017-12,2016-12,2015-12,2014-12,2013-12,2012-12,2011-12,2010-12
Days Sales Outstanding,34.47,43.83,43.24,39.10,24.61,25.65,27.66,33.15,34.87,44.48,27.66
Days Inventory,32.60,30.51,35.18,36.06,33.79,41.68,48.81,54.10,48.77,56.93,39.87
Payables Period,79.01,68.93,41.37,33.18,47.05,46.47,32.14,40.16,57.10,78.47,25.17
Cash Conversion Cycle,-11.93,5.42,37.05,41.97,11.35,20.87,44.33,47.09,26.55,22.94,42.36
Receivables Turnover,10.59,8.33,8.44,9.34,14.83,14.23,13.20,11.01,10.47,8.21,13.19
Inventory Turnover,11.20,11.96,10.38,10.12,10.80,8.76,7.48,6.75,7.48,6.41,9.16
Fixed Assets Turnover,0.33,0.42,0.56,0.65,0.66,0.65,0.77,0.65,0.83,0.71,0.68
Asset Turnover,0.26,0.30,0.35,0.42,0.45,0.42,0.53,0.44,0.55,0.43,0.39
